row_number,commission_ratio,seller_price_per_instance,order_posting_number,order_created_date,item_sku,item_barcode,item_name,item_offer_id,legal_entity_document_number,legal_entity_document_sale_date,delivery_commission_amount,delivery_commission_bank_coinvestment,delivery_commission_bonus,delivery_commission_commission,delivery_commission_compensation,delivery_commission_pick_up_point_coinvestment,delivery_commission_price_per_instance,delivery_commission_quantity,delivery_commission_standard_fee,delivery_commission_stars,delivery_commission_total,return_commission_amount,return_commission_bank_coinvestment,return_commission_bonus,return_commission_commission,return_commission_compensation,return_commission_pick_up_point_coinvestment,return_commission_price_per_instance,return_commission_quantity,return_commission_standard_fee,return_commission_stars,return_commission_total
1,0.480000,11920.000000,80053401-2315-1,2026-6-24,1528634794,04610279152131,Жилет утепленный City Classic Жилетки женские стеганные на синтепухе Весна 2026,031820N11CJ 99 48,,,4492.160000,44.920000,7382.920000,0.000000,0.000000,0.000000,4492.160000,1,5721.600000,0.000000,6198.400000,0.000000,0.000000,0.000000,0.000000,0.000000,0.000000,0.000000,0,0.000000,0.000000,0.000000
2,0.480000,11920.000000,0128406263-1598-1,2026-7-1,1528671849,04610279152148,Жилет утепленный City Classic Жилетки женские стеганные на синтепухе Весна 2026,031820N11CJ 99 50,,,5123.000000,51.230000,6745.770000,0.000000,0.000000,0.000000,5123.000000,1,5721.600000,0.000000,6198.400000,0.000000,0.000000,0.000000,0.000000,0.000000,0.000000,0.000000,0,0.000000,0.000000,0.000000
3,0.480000,11920.000000,24235111-0411-1,2026-7-23,1528945076,04610279152155,Жилет утепленный City Classic Жилетки женские стеганные на синтепухе Весна 2026,031820N11CJ 99 52,,,5716.000000,57.160000,6146.840000,0.000000,0.000000,0.000000,5716.000000,1,5721.600000,0.000000,6198.400000,0.000000,0.000000,0.000000,0.000000,0.000000,0.000000,0.000000,0,0.000000,0.000000,0.000000
4,0.480000,11920.000000,27361332-0044-2,2026-7-5,1528945076,04610279152155,Жилет утепленный City Classic Жилетки женские стеганные на синтепухе Весна 2026,031820N11CJ 99 52,,,4086.670000,40.870000,7792.460000,0.000000,0.000000,0.000000,4086.670000,1,5721.600000,0.000000,6198.400000,4086.670000,40.870000,7792.460000,0.000000,0.000000,0.000000,4086.670000,1,5721.600000,0.000000,6198.400000
5,0.480000,11920.000000,77000565-0234-1,2026-7-17,1528945076,04610279152155,Жилет утепленный City Classic Жилетки женские стеганные на синтепухе Весна 2026,031820N11CJ 99 52,,,6410.000000,0.000000,5510.000000,0.000000,0.000000,0.000000,6410.000000,1,5721.600000,0.000000,6198.400000,0.000000,0.000000,0.000000,0.000000,0.000000,0.000000,0.000000,0,0.000000,0.000000,0.000000
6,0.480000,11350.000000,34146905-0284-3,2026-7-17,1533472584,04610279088188,Жилет утепленный NortFolk ВЕСНА 2026  Жилетка мужская утепленные стеганая  ,780951N11NJ 99 60,,,5060.500000,50.610000,6238.890000,0.000000,0.000000,0.000000,5060.500000,1,5448.000000,0.000000,5902.000000,5060.500000,50.610000,6238.890000,0.000000,0.000000,0.000000,5060.500000,1,5448.000000,0.000000,5902.000000
7,0.480000,11350.000000,0138936000-0149-2,2026-7-12,1533480098,04610279088058,Жилет утепленный NortFolk ВЕСНА 2026  Жилетка мужская утепленные стеганая  ,780951N11NJ 90 50,,,4618.100000,0.000000,6731.900000,0.000000,0.000000,0.000000,4618.100000,1,5448.000000,0.000000,5902.000000,0.000000,0.000000,0.000000,0.000000,0.000000,0.000000,0.000000,0,0.000000,0.000000,0.000000
8,0.480000,7151.000000,0130479510-0381-1,2026-7-19,1533504998,04610279088171,Жилет утепленный NortFolk ВЕСНА 2026  Жилетка мужская утепленные стеганая  ,780951N11NJ 99 58,,,2445.610000,24.460000,4680.930000,0.000000,0.000000,0.000000,2445.610000,1,3432.480000,0.000000,3718.520000,0.000000,0.000000,0.000000,0.000000,0.000000,0.000000,0.000000,0,0.000000,0.000000,0.000000
9,0.480000,12450.000000,70512711-0227-1,2026-7-10,1547884788,04680351432659,Куртка NortFolk,112481N22N 100 54,,,4723.040000,47.230000,7679.730000,0.000000,0.000000,0.000000,4723.040000,1,5976.000000,0.000000,6474.000000,0.000000,0.000000,0.000000,0.000000,0.000000,0.000000,0.000000,0,0.000000,0.000000,0.000000
10,0.480000,8880.000000,84146334-0301-3,2026-7-18,1554964859,04610279107087,Куртка NortFolk,756951N01N 36 54,,,3611.430000,36.110000,5232.460000,0.000000,0.000000,0.000000,3611.430000,1,4262.400000,0.000000,4617.600000,0.000000,0.000000,0.000000,0.000000,0.000000,0.000000,0.000000,0,0.000000,0.000000,0.000000
11,0.480000,21990.000000,0107150173-0374-1,2026-7-14,1555588176,04680654253302,Куртка NortFolk,433590Y21N 99/99 54,,,10338.000000,103.380000,11548.620000,0.000000,0.000000,0.000000,10338.000000,1,10555.200000,0.000000,11434.800000,0.000000,0.000000,0.000000,0.000000,0.000000,0.000000,0.000000,0,0.000000,0.000000,0.000000
12,0.480000,21990.000000,64739824-1122-1,2026-7-18,1555588241,04680654253265,Куртка NortFolk,433590Y21N 99/99 46,,,10745.000000,107.450000,11137.550000,0.000000,0.000000,0.000000,10745.000000,1,10555.200000,0.000000,11434.800000,0.000000,0.000000,0.000000,0.000000,0.000000,0.000000,0.000000,0,0.000000,0.000000,0.000000
13,0.480000,21990.000000,0210965669-0497-1,2026-7-10,1555588596,04670126878263,Куртка NortFolk,433590Y21N 99/99 48,,,8772.000000,87.720000,13130.280000,0.000000,0.000000,0.000000,8772.000000,1,10555.200000,0.000000,11434.800000,0.000000,0.000000,0.000000,0.000000,0.000000,0.000000,0.000000,0,0.000000,0.000000,0.000000
14,0.480000,21990.000000,62252503-0393-1,2026-7-8,1555588711,04680654253296,Куртка NortFolk,433590Y21N 99/99 52,,,10136.000000,101.360000,11752.640000,0.000000,0.000000,0.000000,10136.000000,1,10555.200000,0.000000,11434.800000,0.000000,0.000000,0.000000,0.000000,0.000000,0.000000,0.000000,0,0.000000,0.000000,0.000000
15,0.480000,21990.000000,58729040-0825-3,2026-7-24,1555588791,04680654253630,Куртка NortFolk,433590Y21N 99/18 56,,,10755.000000,107.550000,11127.450000,0.000000,0.000000,0.000000,10755.000000,1,10555.200000,0.000000,11434.800000,10755.000000,107.550000,11127.450000,0.000000,0.000000,0.000000,10755.000000,1,10555.200000,0.000000,11434.800000
16,0.480000,21990.000000,62691356-0200-1,2026-7-4,1555588864,04680654253838,Куртка NortFolk,433590Y21N 18/18 56,,,10640.000000,0.000000,11350.000000,0.000000,0.000000,0.000000,10640.000000,1,10555.200000,0.000000,11434.800000,0.000000,0.000000,0.000000,0.000000,0.000000,0.000000,0.000000,0,0.000000,0.000000,0.000000
17,0.480000,35800.000000,41375146-0174-1,2026-7-21,1581566430,04650644204560,Парка Shark Force,SU19757 BF42 52,,,17068.000000,170.680000,18561.320000,0.000000,0.000000,0.000000,17068.000000,1,17184.000000,0.000000,18616.000000,0.000000,0.000000,0.000000,0.000000,0.000000,0.000000,0.000000,0,0.000000,0.000000,0.000000
18,0.480000,29900.000000,99987807-0266-1,2026-7-5,1581571396,04650644204720,Парка Shark Force,SU19757 100 52,,,13742.000000,137.420000,16020.580000,0.000000,0.000000,0.000000,13742.000000,1,14352.000000,0.000000,15548.000000,13742.000000,137.420000,16020.580000,0.000000,0.000000,0.000000,13742.000000,1,14352.000000,0.000000,15548.000000
19,0.480000,16800.000000,0122909975-0169-1,2026-7-21,1582974547,04680654252091,Куртка City Classic,429340Y21C 36 48,,,7942.000000,79.420000,8778.580000,0.000000,0.000000,0.000000,7942.000000,1,8064.000000,0.000000,8736.000000,0.000000,0.000000,0.000000,0.000000,0.000000,0.000000,0.000000,0,0.000000,0.000000,0.000000
20,0.480000,21990.000000,52848636-0076-1,2026-7-18,1583520610,04680654253593,Куртка NortFolk,433590Y21N 99/18 48,,,11113.000000,0.000000,10877.000000,0.000000,0.000000,0.000000,11113.000000,1,10555.200000,0.000000,11434.800000,0.000000,0.000000,0.000000,0.000000,0.000000,0.000000,0.000000,0,0.000000,0.000000,0.000000
21,0.460000,23990.000000,71500608-0160-1,2026-6-29,1601327669,04680654254361,Куртка NortFolk,433590Y21NB 225/21 62,,,10425.000000,104.250000,13460.750000,0.000000,0.000000,0.000000,10425.000000,1,11035.400000,0.000000,12954.600000,0.000000,0.000000,0.000000,0.000000,0.000000,0.000000,0.000000,0,0.000000,0.000000,0.000000
22,0.480000,19950.000000,0185488783-0009-1,2026-7-17,1642731707,04680654250790,Куртка NortFolk,427340Y15N 255 52,,,9842.000000,98.420000,10009.580000,0.000000,0.000000,0.000000,9842.000000,1,9576.000000,0.000000,10374.000000,0.000000,0.000000,0.000000,0.000000,0.000000,0.000000,0.000000,0,0.000000,0.000000,0.000000
23,0.480000,19950.000000,34515349-0238-1,2026-7-12,1642731753,04680654250806,Куртка NortFolk,427340Y15N 255 54,,,8289.000000,82.890000,11578.110000,0.000000,0.000000,0.000000,8289.000000,1,9576.000000,0.000000,10374.000000,0.000000,0.000000,0.000000,0.000000,0.000000,0.000000,0.000000,0,0.000000,0.000000,0.000000
24,0.480000,19950.000000,16868546-2311-1,2026-7-24,1642735178,04680654250981,Куртка NortFolk,427340Y15N 100 58,,,9448.000000,94.480000,10407.520000,0.000000,0.000000,0.000000,9448.000000,1,9576.000000,0.000000,10374.000000,9448.000000,94.480000,10407.520000,0.000000,0.000000,0.000000,9448.000000,1,9576.000000,0.000000,10374.000000
25,0.480000,19950.000000,0127759415-0884-1,2026-7-7,1642735178,04680654250981,Куртка NortFolk,427340Y15N 100 58,,,9058.000000,90.580000,10801.420000,0.000000,0.000000,0.000000,9058.000000,1,9576.000000,0.000000,10374.000000,0.000000,0.000000,0.000000,0.000000,0.000000,0.000000,0.000000,0,0.000000,0.000000,0.000000
26,0.480000,17900.000000,0128368289-0381-3,2026-7-5,1642735262,04680654250943,Куртка NortFolk,427340Y15N 100 50,,,7144.000000,71.440000,10684.560000,0.000000,0.000000,0.000000,7144.000000,1,8592.000000,0.000000,9308.000000,0.000000,0.000000,0.000000,0.000000,0.000000,0.000000,0.000000,0,0.000000,0.000000,0.000000
27,0.480000,19950.000000,0123594830-0461-1,2026-7-19,1642735267,04680654250936,Куртка NortFolk,427340Y15N 100 48,,,9277.000000,92.770000,10580.230000,0.000000,0.000000,0.000000,9277.000000,1,9576.000000,0.000000,10374.000000,0.000000,0.000000,0.000000,0.000000,0.000000,0.000000,0.000000,0,0.000000,0.000000,0.000000
28,0.480000,17900.000000,44370588-0442-2,2026-7-6,1642735463,04680654250950,Куртка NortFolk,427340Y15N 100 52,,,7632.000000,76.320000,10191.680000,0.000000,0.000000,0.000000,7632.000000,1,8592.000000,0.000000,9308.000000,0.000000,0.000000,0.000000,0.000000,0.000000,0.000000,0.000000,0,0.000000,0.000000,0.000000
29,0.480000,17900.000000,0122908676-0133-1,2026-7-5,1642748955,04680654250905,Куртка NortFolk,427340Y15N 159-23 58,,,6736.000000,67.360000,11096.640000,0.000000,0.000000,0.000000,6736.000000,1,8592.000000,0.000000,9308.000000,0.000000,0.000000,0.000000,0.000000,0.000000,0.000000,0.000000,0,0.000000,0.000000,0.000000
30,0.480000,11350.000000,0266096493-0006-1,2026-7-21,1642793021,04660227548301,Жилет утепленный NortFolk ВЕСНА 2026  Жилетка мужская утепленные стеганая  ,780951N11NJ 206 50,,,4892.380000,48.920000,6408.700000,0.000000,0.000000,0.000000,4892.380000,1,5448.000000,0.000000,5902.000000,4892.380000,48.920000,6408.700000,0.000000,0.000000,0.000000,4892.380000,1,5448.000000,0.000000,5902.000000
31,0.480000,24900.000000,34662244-0214-1,2026-7-13,1648864879,04680654257140,Куртка NortFolk,626280Y20N 137 48,,,13298.000000,0.000000,11602.000000,0.000000,0.000000,0.000000,13298.000000,1,11952.000000,0.000000,12948.000000,0.000000,0.000000,0.000000,0.000000,0.000000,0.000000,0.000000,0,0.000000,0.000000,0.000000
32,0.480000,25990.000000,28551583-2311-3,2026-7-16,1648943646,04640314114923,Пальто NortFolk,845790N20N 98 52,,,14040.000000,0.000000,11950.000000,0.000000,0.000000,0.000000,14040.000000,1,12475.200000,0.000000,13514.800000,0.000000,0.000000,0.000000,0.000000,0.000000,0.000000,0.000000,0,0.000000,0.000000,0.000000
33,0.480000,25990.000000,28195087-0515-1,2026-7-19,1648943835,04640314114725,Пальто NortFolk,845790N20N 99 54,,,12815.000000,128.150000,13046.850000,0.000000,0.000000,0.000000,12815.000000,1,12475.200000,0.000000,13514.800000,0.000000,0.000000,0.000000,0.000000,0.000000,0.000000,0.000000,0,0.000000,0.000000,0.000000
34,0.460000,16800.000000,92887840-0465-1,2026-6-26,1648968411,04640314115944,Куртка NortFolk,860790Y21C 24-1 54,,,7638.500000,76.390000,9085.110000,0.000000,0.000000,0.000000,7638.500000,1,7728.000000,0.000000,9072.000000,0.000000,0.000000,0.000000,0.000000,0.000000,0.000000,0.000000,0,0.000000,0.000000,0.000000
35,0.480000,25800.000000,29972453-1068-1,2026-7-5,1670400573,04640314039899,Парка Shark Force,924D151U-FN FN42 48,,,12579.000000,0.000000,13221.000000,0.000000,0.000000,0.000000,12579.000000,1,12384.000000,0.000000,13416.000000,12579.000000,0.000000,13221.000000,0.000000,0.000000,0.000000,12579.000000,1,12384.000000,0.000000,13416.000000
36,0.480000,25800.000000,99987807-0267-1,2026-7-5,1670400587,04640314039837,Парка Shark Force,924D151U-FN FN152 50,,,11307.000000,113.070000,14379.930000,0.000000,0.000000,0.000000,11307.000000,1,12384.000000,0.000000,13416.000000,0.000000,0.000000,0.000000,0.000000,0.000000,0.000000,0.000000,0,0.000000,0.000000,0.000000
37,0.480000,19950.000000,0183735312-0622-2,2026-7-23,1728328269,04680654251100,Куртка NortFolk,427340Y15N 99 50,,,9813.000000,0.000000,10137.000000,0.000000,0.000000,0.000000,9813.000000,1,9576.000000,0.000000,10374.000000,0.000000,0.000000,0.000000,0.000000,0.000000,0.000000,0.000000,0,0.000000,0.000000,0.000000
38,0.480000,11920.000000,44036419-0154-1,2026-7-9,1839090967,04660426040897,Жилет утепленный City Classic Жилетки женские стеганные на синтепухе Весна 2026,031820N11CJ 99 58,,,5307.000000,53.070000,6559.930000,0.000000,0.000000,0.000000,5307.000000,1,5721.600000,0.000000,6198.400000,0.000000,0.000000,0.000000,0.000000,0.000000,0.000000,0.000000,0,0.000000,0.000000,0.000000
39,0.480000,11990.000000,38218944-0297-1,2026-6-4,1839099254,04660426040743,Жилет утепленный City Classic Жилетки женские стеганные на синтепухе Весна 2026,031820N11CJ FS 44,,,5318.000000,53.180000,6618.820000,0.000000,0.000000,0.000000,5318.000000,1,5755.200000,0.000000,6234.800000,0.000000,0.000000,0.000000,0.000000,0.000000,0.000000,0.000000,0,0.000000,0.000000,0.000000
40,0.480000,8399.000000,66635433-0608-1,2026-7-24,1839113029,04660426040163,Жилет утепленный NortFolk ВЕСНА 2026  Жилетка мужская утепленные стеганая  ,780951N11NJ 77 48,,,4172.220000,41.720000,4185.060000,0.000000,0.000000,0.000000,4172.220000,1,4031.520000,0.000000,4367.480000,0.000000,0.000000,0.000000,0.000000,0.000000,0.000000,0.000000,0,0.000000,0.000000,0.000000
41,0.480000,11350.000000,31950691-0404-2,2026-7-26,1839122162,04660426040316,Жилет утепленный NortFolk ВЕСНА 2026  Жилетка мужская утепленные стеганая  ,780951N11NJ 97 46,,,5351.500000,53.520000,5944.980000,0.000000,0.000000,0.000000,5351.500000,1,5448.000000,0.000000,5902.000000,0.000000,0.000000,0.000000,0.000000,0.000000,0.000000,0.000000,0,0.000000,0.000000,0.000000
42,0.480000,11920.000000,91969696-0412-1,2026-7-25,1839204380,04660426041092,Жилет утепленный City Classic Жилетки женские стеганные на синтепухе Весна 2026,031820N11CJ 223 50,,,5906.000000,59.060000,5954.940000,0.000000,0.000000,0.000000,5906.000000,1,5721.600000,0.000000,6198.400000,0.000000,0.000000,0.000000,0.000000,0.000000,0.000000,0.000000,0,0.000000,0.000000,0.000000
43,0.480000,11920.000000,0148662539-0202-1,2026-6-26,1839204476,04660426041061,Жилет утепленный City Classic Жилетки женские стеганные на синтепухе Весна 2026,031820N11CJ 223 44,,,4308.000000,43.080000,7568.920000,0.000000,0.000000,0.000000,4308.000000,1,5721.600000,0.000000,6198.400000,0.000000,0.000000,0.000000,0.000000,0.000000,0.000000,0.000000,0,0.000000,0.000000,0.000000
44,0.480000,11920.000000,0251922511-0148-1,2026-7-24,1839204567,04660426041139,Жилет утепленный City Classic Жилетки женские стеганные на синтепухе Весна 2026,031820N11CJ 223 58,,,5842.000000,58.420000,6019.580000,0.000000,0.000000,0.000000,5842.000000,1,5721.600000,0.000000,6198.400000,5842.000000,58.420000,6019.580000,0.000000,0.000000,0.000000,5842.000000,1,5721.600000,0.000000,6198.400000
45,0.480000,11920.000000,44036419-0153-1,2026-7-7,1839204567,04660426041139,Жилет утепленный City Classic Жилетки женские стеганные на синтепухе Весна 2026,031820N11CJ 223 58,,,5298.000000,52.980000,6569.020000,0.000000,0.000000,0.000000,5298.000000,1,5721.600000,0.000000,6198.400000,5298.000000,52.980000,6569.020000,0.000000,0.000000,0.000000,5298.000000,1,5721.600000,0.000000,6198.400000
46,0.480000,11350.000000,0251922511-0146-1,2026-7-24,1839204647,04660426040088,Жилет утепленный NortFolk ВЕСНА 2026  Жилетка мужская утепленные стеганая  ,780951N11NJ 73 60,,,5555.000000,55.550000,5739.450000,0.000000,0.000000,0.000000,5555.000000,1,5448.000000,0.000000,5902.000000,5555.000000,55.550000,5739.450000,0.000000,0.000000,0.000000,5555.000000,1,5448.000000,0.000000,5902.000000
47,0.480000,11920.000000,0128406263-1627-1,2026-7-6,1839204708,04660426041108,Жилет утепленный City Classic Жилетки женские стеганные на синтепухе Весна 2026,031820N11CJ 223 52,,,4945.710000,49.460000,6924.830000,0.000000,0.000000,0.000000,4945.710000,1,5721.600000,0.000000,6198.400000,4945.710000,49.460000,6924.830000,0.000000,0.000000,0.000000,4945.710000,1,5721.600000,0.000000,6198.400000
48,0.480000,11350.000000,31950691-0387-2,2026-7-6,1839204801,04660426040279,Жилет утепленный NortFolk ВЕСНА 2026  Жилетка мужская утепленные стеганая  ,780951N11NJ 165 56,,,4276.480000,42.760000,7030.760000,0.000000,0.000000,0.000000,4276.480000,1,5448.000000,0.000000,5902.000000,0.000000,0.000000,0.000000,0.000000,0.000000,0.000000,0.000000,0,0.000000,0.000000,0.000000
49,0.460000,15000.000000,14730896-0462-1,2026-6-21,1839205299,04660426038719,Куртка NortFolk,409430N10N 22 46,,,6244.000000,62.440000,8693.560000,0.000000,0.000000,0.000000,6244.000000,1,6900.000000,0.000000,8100.000000,6244.000000,62.440000,8693.560000,0.000000,0.000000,0.000000,6244.000000,1,6900.000000,0.000000,8100.000000
50,0.460000,15000.000000,0163786138-0476-3,2026-6-27,1839205327,04660426038597,Куртка NortFolk,409430N10N FS 54,,,6535.000000,65.350000,8399.650000,0.000000,0.000000,0.000000,6535.000000,1,6900.000000,0.000000,8100.000000,0.000000,0.000000,0.000000,0.000000,0.000000,0.000000,0.000000,0,0.000000,0.000000,0.000000
51,0.480000,15000.000000,08956868-0090-2,2026-7-5,1839205334,04660426038757,Куртка NortFolk,409430N10N 22 54,,,6607.000000,66.070000,8326.930000,0.000000,0.000000,0.000000,6607.000000,1,7200.000000,0.000000,7800.000000,0.000000,0.000000,0.000000,0.000000,0.000000,0.000000,0.000000,0,0.000000,0.000000,0.000000
52,0.460000,15000.000000,48000688-0106-1,2026-6-30,1839205414,04660426038641,Куртка NortFolk,409430N10N 99 48,,,6179.000000,61.790000,8759.210000,0.000000,0.000000,0.000000,6179.000000,1,6900.000000,0.000000,8100.000000,0.000000,0.000000,0.000000,0.000000,0.000000,0.000000,0.000000,0,0.000000,0.000000,0.000000
53,0.480000,15000.000000,81284372-0036-1,2026-7-11,1839205443,04660426038627,Куртка NortFolk,409430N10N 99 44,,,5956.000000,59.560000,8984.440000,0.000000,0.000000,0.000000,5956.000000,1,7200.000000,0.000000,7800.000000,0.000000,0.000000,0.000000,0.000000,0.000000,0.000000,0.000000,0,0.000000,0.000000,0.000000
54,0.480000,15600.000000,16820754-0994-1,2026-7-9,1839205585,04660426041672,Куртка NortFolk,433430N11N 127 50,,,7224.910000,72.250000,8302.840000,0.000000,0.000000,0.000000,7224.910000,1,7488.000000,0.000000,8112.000000,7224.910000,72.250000,8302.840000,0.000000,0.000000,0.000000,7224.910000,1,7488.000000,0.000000,8112.000000
55,0.480000,15600.000000,0221150332-0146-1,2026-7-28,1839205641,04660426041429,Куртка NortFolk,433430N11N 99 48,,,7825.000000,78.250000,7696.750000,0.000000,0.000000,0.000000,7825.000000,1,7488.000000,0.000000,8112.000000,0.000000,0.000000,0.000000,0.000000,0.000000,0.000000,0.000000,0,0.000000,0.000000,0.000000
56,0.480000,15600.000000,55403985-0260-1,2026-7-8,1839205717,04660426041665,Куртка NortFolk,433430N11N 127 48,,,7146.500000,71.470000,8382.030000,0.000000,0.000000,0.000000,7146.500000,1,7488.000000,0.000000,8112.000000,0.000000,0.000000,0.000000,0.000000,0.000000,0.000000,0.000000,0,0.000000,0.000000,0.000000
57,0.460000,15150.000000,0189614257-0543-1,2026-6-17,1839205771,04660426041696,Куртка NortFolk,433430N11N 127 54,,,0.000000,0.000000,0.000000,0.000000,0.000000,0.000000,0.000000,0,0.000000,0.000000,0.000000,6627.000000,66.270000,8456.730000,0.000000,0.000000,0.000000,6627.000000,1,6969.000000,0.000000,8181.000000
58,0.480000,15600.000000,16020163-0642-1,2026-7-26,1839205777,04660426041436,Куртка NortFolk,433430N11N 99 50,,,7809.000000,78.090000,7712.910000,0.000000,0.000000,0.000000,7809.000000,1,7488.000000,0.000000,8112.000000,0.000000,0.000000,0.000000,0.000000,0.000000,0.000000,0.000000,0,0.000000,0.000000,0.000000
59,0.480000,15600.000000,16820754-0994-4,2026-7-9,1839205777,04660426041436,Куртка NortFolk,433430N11N 99 50,,,7344.910000,73.450000,8181.640000,0.000000,0.000000,0.000000,7344.910000,1,7488.000000,0.000000,8112.000000,7344.910000,73.450000,8181.640000,0.000000,0.000000,0.000000,7344.910000,1,7488.000000,0.000000,8112.000000
60,0.460000,15000.000000,0153636254-0280-1,2026-6-30,1839205812,04660426038573,Куртка NortFolk,409430N10N FS 50,,,6862.000000,0.000000,8138.000000,0.000000,0.000000,0.000000,6862.000000,1,6900.000000,0.000000,8100.000000,0.000000,0.000000,0.000000,0.000000,0.000000,0.000000,0.000000,0,0.000000,0.000000,0.000000
61,0.480000,15000.000000,0125899280-0314-1,2026-7-6,1839205861,04660426038788,Куртка NortFolk,409430N10N 255 44,,,6578.500000,65.790000,8355.710000,0.000000,0.000000,0.000000,6578.500000,1,7200.000000,0.000000,7800.000000,0.000000,0.000000,0.000000,0.000000,0.000000,0.000000,0.000000,0,0.000000,0.000000,0.000000
62,0.480000,15000.000000,17140017-0203-1,2026-7-21,1839205865,04660426038832,Куртка NortFolk,409430N10N 255 54,,,7332.500000,73.330000,7594.170000,0.000000,0.000000,0.000000,7332.500000,1,7200.000000,0.000000,7800.000000,0.000000,0.000000,0.000000,0.000000,0.000000,0.000000,0.000000,0,0.000000,0.000000,0.000000
63,0.480000,15000.000000,0171861899-0334-1,2026-7-7,1839205865,04660426038832,Куртка NortFolk,409430N10N 255 54,,,6107.000000,61.070000,8831.930000,0.000000,0.000000,0.000000,6107.000000,1,7200.000000,0.000000,7800.000000,0.000000,0.000000,0.000000,0.000000,0.000000,0.000000,0.000000,0,0.000000,0.000000,0.000000
64,0.480000,15000.000000,0139679657-0714-1,2026-7-10,1839205942,04660426038566,Куртка NortFolk,409430N10N FS 48,,,6599.500000,66.000000,8334.500000,0.000000,0.000000,0.000000,6599.500000,1,7200.000000,0.000000,7800.000000,0.000000,0.000000,0.000000,0.000000,0.000000,0.000000,0.000000,0,0.000000,0.000000,0.000000
65,0.480000,18550.000000,40170926-0124-2,2026-7-3,1851895580,04660426078463,Куртка NortFolk,382971N10NB 25/77-1 60,,,8503.500000,85.040000,9961.460000,0.000000,0.000000,0.000000,8503.500000,1,8904.000000,0.000000,9646.000000,0.000000,0.000000,0.000000,0.000000,0.000000,0.000000,0.000000,0,0.000000,0.000000,0.000000
66,0.480000,15600.000000,99744853-0742-1,2026-7-4,1864158662,04660426041498,Куртка NortFolk,433430N11N 3-2 46,,,6998.000000,69.980000,8532.020000,0.000000,0.000000,0.000000,6998.000000,1,7488.000000,0.000000,8112.000000,0.000000,0.000000,0.000000,0.000000,0.000000,0.000000,0.000000,0,0.000000,0.000000,0.000000
67,0.460000,15600.000000,52098843-0258-3,2026-6-23,1864158666,04660426041504,Куртка NortFolk,433430N11N 3-2 48,,,6363.000000,63.630000,9173.370000,0.000000,0.000000,0.000000,6363.000000,1,7176.000000,0.000000,8424.000000,0.000000,0.000000,0.000000,0.000000,0.000000,0.000000,0.000000,0,0.000000,0.000000,0.000000
68,0.480000,17450.000000,08310727-0079-1,2026-7-12,1864158704,04660426041986,Куртка NortFolk,330591N14N 90 52,,,7673.000000,76.730000,9700.270000,0.000000,0.000000,0.000000,7673.000000,1,8376.000000,0.000000,9074.000000,0.000000,0.000000,0.000000,0.000000,0.000000,0.000000,0.000000,0,0.000000,0.000000,0.000000
69,0.480000,15000.000000,90976979-0387-1,2026-7-8,1864159021,04660426038931,Куртка NortFolk,409430N10N 17 58,,,6507.000000,65.070000,8427.930000,0.000000,0.000000,0.000000,6507.000000,1,7200.000000,0.000000,7800.000000,0.000000,0.000000,0.000000,0.000000,0.000000,0.000000,0.000000,0,0.000000,0.000000,0.000000
70,0.480000,15600.000000,0126874732-0591-1,2026-7-6,1864159158,04660426041481,Куртка NortFolk,433430N11N 3-2 44,,,6417.000000,64.170000,9118.830000,0.000000,0.000000,0.000000,6417.000000,1,7488.000000,0.000000,8112.000000,0.000000,0.000000,0.000000,0.000000,0.000000,0.000000,0.000000,0,0.000000,0.000000,0.000000
71,0.480000,17450.000000,0128039677-0073-1,2026-7-4,1864159225,04660426041900,Куртка NortFolk,330591N14N 99 50,,,8786.000000,87.860000,8576.140000,0.000000,0.000000,0.000000,8786.000000,1,8376.000000,0.000000,9074.000000,0.000000,0.000000,0.000000,0.000000,0.000000,0.000000,0.000000,0,0.000000,0.000000,0.000000
72,0.480000,17450.000000,76361102-0179-1,2026-7-3,1864159258,04660426042174,Куртка NortFolk,330591N14N 97 48,,,6874.500000,68.750000,10506.750000,0.000000,0.000000,0.000000,6874.500000,1,8376.000000,0.000000,9074.000000,0.000000,0.000000,0.000000,0.000000,0.000000,0.000000,0.000000,0,0.000000,0.000000,0.000000
73,0.480000,17450.000000,0162981560-0245-1,2026-7-20,1877884909,04660426042280,Куртка NortFolk,330591N14N 100 56,,,8713.000000,87.130000,8649.870000,0.000000,0.000000,0.000000,8713.000000,1,8376.000000,0.000000,9074.000000,0.000000,0.000000,0.000000,0.000000,0.000000,0.000000,0.000000,0,0.000000,0.000000,0.000000
74,0.480000,17450.000000,31950691-0387-1,2026-7-6,1877884909,04660426042280,Куртка NortFolk,330591N14N 100 56,,,7004.500000,70.050000,10375.450000,0.000000,0.000000,0.000000,7004.500000,1,8376.000000,0.000000,9074.000000,0.000000,0.000000,0.000000,0.000000,0.000000,0.000000,0.000000,0,0.000000,0.000000,0.000000
75,0.480000,25990.000000,64672972-0996-1,2026-7-28,1891265627,04640314114756,Куртка NortFolk,845790N20N 260 46,,,13065.000000,130.650000,12794.350000,0.000000,0.000000,0.000000,13065.000000,1,12475.200000,0.000000,13514.800000,0.000000,0.000000,0.000000,0.000000,0.000000,0.000000,0.000000,0,0.000000,0.000000,0.000000
76,0.480000,25990.000000,0109072235-0755-2,2026-7-20,1891265631,04640314114800,Куртка NortFolk,845790N20N 260 56,,,12384.000000,123.840000,13482.160000,0.000000,0.000000,0.000000,12384.000000,1,12475.200000,0.000000,13514.800000,0.000000,0.000000,0.000000,0.000000,0.000000,0.000000,0.000000,0,0.000000,0.000000,0.000000
77,0.480000,21990.000000,31938029-0220-1,2026-7-7,2207867050,04640314039707,Парка Shark Force Парки мужские зима,924D166U FN42 52,,,9882.500000,98.830000,12008.670000,0.000000,0.000000,0.000000,9882.500000,1,10555.200000,0.000000,11434.800000,0.000000,0.000000,0.000000,0.000000,0.000000,0.000000,0.000000,0,0.000000,0.000000,0.000000
78,0.480000,21990.000000,0256284301-0020-1,2026-7-11,2207867239,04640314039721,Парка Shark Force Парки мужские зима,924D166U FN42 56,,,9724.000000,0.000000,12266.000000,0.000000,0.000000,0.000000,9724.000000,1,10555.200000,0.000000,11434.800000,0.000000,0.000000,0.000000,0.000000,0.000000,0.000000,0.000000,0,0.000000,0.000000,0.000000
79,0.480000,21990.000000,30334632-1774-1,2026-7-18,2207886414,04640314039646,Парка Shark Force Парки мужские зима,924D166U FN152 54,,,9638.500000,96.390000,12255.110000,0.000000,0.000000,0.000000,9638.500000,1,10555.200000,0.000000,11434.800000,0.000000,0.000000,0.000000,0.000000,0.000000,0.000000,0.000000,0,0.000000,0.000000,0.000000
80,0.460000,17550.000000,40919562-0312-2,2026-6-26,2234675460,04640314027834,Куртка City Classic,820790Y21C FS 52,,,7337.000000,73.370000,10139.630000,0.000000,0.000000,0.000000,7337.000000,1,8073.000000,0.000000,9477.000000,0.000000,0.000000,0.000000,0.000000,0.000000,0.000000,0.000000,0,0.000000,0.000000,0.000000
81,0.480000,19950.000000,0125899280-0318-1,2026-7-9,2389404566,04660426876298,Куртка NortFolk,427340Y15N 99 44,,,8028.500000,80.290000,11841.210000,0.000000,0.000000,0.000000,8028.500000,1,9576.000000,0.000000,10374.000000,0.000000,0.000000,0.000000,0.000000,0.000000,0.000000,0.000000,0,0.000000,0.000000,0.000000
82,0.480000,17900.000000,50359453-0086-1,2026-7-7,2389431787,04660426876359,Куртка NortFolk,427340Y15N 99 56,,,6333.000000,63.330000,11503.670000,0.000000,0.000000,0.000000,6333.000000,1,8592.000000,0.000000,9308.000000,0.000000,0.000000,0.000000,0.000000,0.000000,0.000000,0.000000,0,0.000000,0.000000,0.000000
83,0.460000,19900.000000,0128027261-0310-2,2026-6-18,2394453880,04660426323808,Пальто NortFolk,845790N20N 100 56,,,8732.000000,87.320000,11080.680000,0.000000,0.000000,0.000000,8732.000000,1,9154.000000,0.000000,10746.000000,0.000000,0.000000,0.000000,0.000000,0.000000,0.000000,0.000000,0,0.000000,0.000000,0.000000
84,0.480000,25990.000000,0129001448-0088-1,2026-7-25,2394454434,04660426323815,Пальто NortFolk,845790N20N 100 58,,,13005.000000,130.050000,12854.950000,0.000000,0.000000,0.000000,13005.000000,1,12475.200000,0.000000,13514.800000,0.000000,0.000000,0.000000,0.000000,0.000000,0.000000,0.000000,0,0.000000,0.000000,0.000000
85,0.480000,25990.000000,28389320-1783-3,2026-7-14,2394454463,04660426323792,Пальто NortFolk,845790N20N 100 54,,,11845.000000,118.450000,14026.550000,0.000000,0.000000,0.000000,11845.000000,1,12475.200000,0.000000,13514.800000,0.000000,0.000000,0.000000,0.000000,0.000000,0.000000,0.000000,0,0.000000,0.000000,0.000000
86,0.480000,25990.000000,92300710-2105-1,2026-7-23,2394454823,04660426323839,Пальто NortFolk,845790N20N 17 48,,,12261.500000,122.620000,13605.880000,0.000000,0.000000,0.000000,12261.500000,1,12475.200000,0.000000,13514.800000,0.000000,0.000000,0.000000,0.000000,0.000000,0.000000,0.000000,0,0.000000,0.000000,0.000000
87,0.480000,25990.000000,0209335695-0018-2,2026-7-24,2394454831,04660426323877,Пальто NortFolk,845790N20N 17 56,,,13107.000000,131.070000,12751.930000,0.000000,0.000000,0.000000,13107.000000,1,12475.200000,0.000000,13514.800000,0.000000,0.000000,0.000000,0.000000,0.000000,0.000000,0.000000,0,0.000000,0.000000,0.000000
88,0.480000,25990.000000,78442657-0568-1,2026-7-17,2394455380,04660426323778,Пальто NortFolk,845790N20N 100 50,,,12683.500000,126.840000,13179.660000,0.000000,0.000000,0.000000,12683.500000,1,12475.200000,0.000000,13514.800000,0.000000,0.000000,0.000000,0.000000,0.000000,0.000000,0.000000,0,0.000000,0.000000,0.000000
89,0.480000,28700.000000,0123884698-0252-1,2026-7-15,2394920959,04660426941903,Куртка Shark Force парки,924D092U FN15 50,,,13354.000000,133.540000,15212.460000,0.000000,0.000000,0.000000,13354.000000,1,13776.000000,0.000000,14924.000000,0.000000,0.000000,0.000000,0.000000,0.000000,0.000000,0.000000,0,0.000000,0.000000,0.000000
90,0.480000,20500.000000,0213026237-0023-1,2026-7-18,2394921119,04660426881247,Куртка NortFolk куртка женская зимняя с верблюдом,831790Y22N 78 46,,,9706.000000,97.060000,10696.940000,0.000000,0.000000,0.000000,9706.000000,1,9840.000000,0.000000,10660.000000,0.000000,0.000000,0.000000,0.000000,0.000000,0.000000,0.000000,0,0.000000,0.000000,0.000000
91,0.480000,20500.000000,46638504-0501-1,2026-7-21,2394921693,466426881414,Куртка NortFolk куртка женская зимняя с верблюдом,831790Y22N 99 48,,,10082.500000,100.830000,10316.670000,0.000000,0.000000,0.000000,10082.500000,1,9840.000000,0.000000,10660.000000,0.000000,0.000000,0.000000,0.000000,0.000000,0.000000,0.000000,0,0.000000,0.000000,0.000000
92,0.480000,20500.000000,0190246739-0050-1,2026-7-13,2394921972,04660426881513,Куртка NortFolk куртка женская зимняя с верблюдом,831790Y22N 25 52,,,10938.000000,0.000000,9562.000000,0.000000,0.000000,0.000000,10938.000000,1,9840.000000,0.000000,10660.000000,0.000000,0.000000,0.000000,0.000000,0.000000,0.000000,0.000000,0,0.000000,0.000000,0.000000
93,0.480000,20500.000000,52834958-0204-1,2026-7-4,2394921972,04660426881513,Куртка NortFolk куртка женская зимняя с верблюдом,831790Y22N 25 52,,,8426.000000,84.260000,11989.740000,0.000000,0.000000,0.000000,8426.000000,1,9840.000000,0.000000,10660.000000,0.000000,0.000000,0.000000,0.000000,0.000000,0.000000,0.000000,0,0.000000,0.000000,0.000000
94,0.480000,20500.000000,45539954-0164-1,2026-7-19,2394922079,466426881438,Куртка NortFolk куртка женская зимняя с верблюдом,831790Y22N 99 52,,,9883.500000,98.840000,10517.660000,0.000000,0.000000,0.000000,9883.500000,1,9840.000000,0.000000,10660.000000,0.000000,0.000000,0.000000,0.000000,0.000000,0.000000,0.000000,0,0.000000,0.000000,0.000000
95,0.480000,20500.000000,0182850963-0218-1,2026-7-17,2394922079,466426881438,Куртка NortFolk куртка женская зимняя с верблюдом,831790Y22N 99 52,,,10115.000000,101.150000,10283.850000,0.000000,0.000000,0.000000,10115.000000,1,9840.000000,0.000000,10660.000000,10115.000000,101.150000,10283.850000,0.000000,0.000000,0.000000,10115.000000,1,9840.000000,0.000000,10660.000000
96,0.480000,20500.000000,78256526-0509-1,2026-7-9,2394922079,466426881438,Куртка NortFolk куртка женская зимняя с верблюдом,831790Y22N 99 52,,,9419.000000,94.190000,10986.810000,0.000000,0.000000,0.000000,9419.000000,1,9840.000000,0.000000,10660.000000,0.000000,0.000000,0.000000,0.000000,0.000000,0.000000,0.000000,0,0.000000,0.000000,0.000000
97,0.480000,20500.000000,42927661-0672-2,2026-7-6,2394922112,04660426881261,Куртка NortFolk куртка женская зимняя с верблюдом,831790Y22N 78 50,,,9455.000000,94.550000,10950.450000,0.000000,0.000000,0.000000,9455.000000,1,9840.000000,0.000000,10660.000000,0.000000,0.000000,0.000000,0.000000,0.000000,0.000000,0.000000,0,0.000000,0.000000,0.000000
98,0.480000,20500.000000,0118345151-0244-1,2026-7-23,2394922123,46642688147,Куртка NortFolk куртка женская зимняя с верблюдом,831790Y22N 99 46,,,10074.500000,100.750000,10324.750000,0.000000,0.000000,0.000000,10074.500000,1,9840.000000,0.000000,10660.000000,0.000000,0.000000,0.000000,0.000000,0.000000,0.000000,0.000000,0,0.000000,0.000000,0.000000
99,0.480000,20500.000000,0128952813-0383-1,2026-7-17,2394922123,46642688147,Куртка NortFolk куртка женская зимняя с верблюдом,831790Y22N 99 46,,,9416.000000,94.160000,10989.840000,0.000000,0.000000,0.000000,9416.000000,1,9840.000000,0.000000,10660.000000,0.000000,0.000000,0.000000,0.000000,0.000000,0.000000,0.000000,0,0.000000,0.000000,0.000000
100,0.480000,20500.000000,44575127-0823-1,2026-7-12,2394922123,46642688147,Куртка NortFolk куртка женская зимняя с верблюдом,831790Y22N 99 46,,,8418.000000,84.180000,11997.820000,0.000000,0.000000,0.000000,8418.000000,1,9840.000000,0.000000,10660.000000,0.000000,0.000000,0.000000,0.000000,0.000000,0.000000,0.000000,0,0.000000,0.000000,0.000000
101,0.480000,20500.000000,55766531-0150-1,2026-7-21,2394922286,466426881452,Куртка NortFolk куртка женская зимняя с верблюдом,831790Y22N 99 56,,,10103.500000,101.040000,10295.460000,0.000000,0.000000,0.000000,10103.500000,1,9840.000000,0.000000,10660.000000,0.000000,0.000000,0.000000,0.000000,0.000000,0.000000,0.000000,0,0.000000,0.000000,0.000000
102,0.480000,20500.000000,89943564-1071-3,2026-7-23,2394922286,466426881452,Куртка NortFolk куртка женская зимняя с верблюдом,831790Y22N 99 56,,,9897.000000,98.970000,10504.030000,0.000000,0.000000,0.000000,9897.000000,1,9840.000000,0.000000,10660.000000,0.000000,0.000000,0.000000,0.000000,0.000000,0.000000,0.000000,0,0.000000,0.000000,0.000000
103,0.480000,20500.000000,0124718430-0382-1,2026-7-17,2394922389,04660426881506,Куртка NortFolk куртка женская зимняя с верблюдом,831790Y22N 25 50,,,10089.000000,100.890000,10310.110000,0.000000,0.000000,0.000000,10089.000000,1,9840.000000,0.000000,10660.000000,0.000000,0.000000,0.000000,0.000000,0.000000,0.000000,0.000000,0,0.000000,0.000000,0.000000
104,0.480000,20500.000000,85205875-0177-1,2026-7-25,2394922389,04660426881506,Куртка NortFolk куртка женская зимняя с верблюдом,831790Y22N 25 50,,,9970.500000,99.710000,10429.790000,0.000000,0.000000,0.000000,9970.500000,1,9840.000000,0.000000,10660.000000,0.000000,0.000000,0.000000,0.000000,0.000000,0.000000,0.000000,0,0.000000,0.000000,0.000000
105,0.480000,20500.000000,52866853-0536-1,2026-7-14,2394922431,04660426881483,Куртка NortFolk куртка женская зимняя с верблюдом,831790Y22N 25 46,,,9804.500000,98.050000,10597.450000,0.000000,0.000000,0.000000,9804.500000,1,9840.000000,0.000000,10660.000000,0.000000,0.000000,0.000000,0.000000,0.000000,0.000000,0.000000,0,0.000000,0.000000,0.000000
106,0.480000,17550.000000,0123133508-1423-1,2026-7-5,2394923326,04640314027643,Куртка City Classic,820790Y21C 36 46,,,8084.000000,80.840000,9385.160000,0.000000,0.000000,0.000000,8084.000000,1,8424.000000,0.000000,9126.000000,0.000000,0.000000,0.000000,0.000000,0.000000,0.000000,0.000000,0,0.000000,0.000000,0.000000
107,0.480000,20500.000000,41659245-0460-1,2026-7-5,2394923988,466426881445,Куртка NortFolk куртка женская зимняя с верблюдом,831790Y22N 99 54,,,8521.000000,85.210000,11893.790000,0.000000,0.000000,0.000000,8521.000000,1,9840.000000,0.000000,10660.000000,0.000000,0.000000,0.000000,0.000000,0.000000,0.000000,0.000000,0,0.000000,0.000000,0.000000
108,0.480000,20500.000000,72548601-0698-1,2026-7-8,2394923988,466426881445,Куртка NortFolk куртка женская зимняя с верблюдом,831790Y22N 99 54,,,9401.000000,94.010000,11004.990000,0.000000,0.000000,0.000000,9401.000000,1,9840.000000,0.000000,10660.000000,0.000000,0.000000,0.000000,0.000000,0.000000,0.000000,0.000000,0,0.000000,0.000000,0.000000
109,0.480000,21990.000000,0173413433-0054-1,2026-7-30,2504717203,04660426874928,Куртка NortFolk,433590Y21N 260/21 46,,,11037.000000,110.370000,10842.630000,0.000000,0.000000,0.000000,11037.000000,1,10555.200000,0.000000,11434.800000,0.000000,0.000000,0.000000,0.000000,0.000000,0.000000,0.000000,0,0.000000,0.000000,0.000000
110,0.480000,21990.000000,62782555-0581-1,2026-7-19,2504717204,04660426874959,Куртка NortFolk,433590Y21N 260/21 52,,,10879.000000,108.790000,11002.210000,0.000000,0.000000,0.000000,10879.000000,1,10555.200000,0.000000,11434.800000,0.000000,0.000000,0.000000,0.000000,0.000000,0.000000,0.000000,0,0.000000,0.000000,0.000000
111,0.480000,21990.000000,93199195-0171-1,2026-7-12,2504717434,04660426874935,Куртка NortFolk,433590Y21N 260/21 48,,,9757.000000,97.570000,12135.430000,0.000000,0.000000,0.000000,9757.000000,1,10555.200000,0.000000,11434.800000,0.000000,0.000000,0.000000,0.000000,0.000000,0.000000,0.000000,0,0.000000,0.000000,0.000000
112,0.480000,21990.000000,91064748-0291-1,2026-7-21,2504717434,04660426874935,Куртка NortFolk,433590Y21N 260/21 48,,,10671.000000,106.710000,11212.290000,0.000000,0.000000,0.000000,10671.000000,1,10555.200000,0.000000,11434.800000,0.000000,0.000000,0.000000,0.000000,0.000000,0.000000,0.000000,0,0.000000,0.000000,0.000000
113,0.480000,21990.000000,0174077722-1010-1,2026-7-21,2504718053,04660426875055,Куртка NortFolk,433590Y21N FS/21 54,,,10544.000000,105.440000,11340.560000,0.000000,0.000000,0.000000,10544.000000,1,10555.200000,0.000000,11434.800000,0.000000,0.000000,0.000000,0.000000,0.000000,0.000000,0.000000,0,0.000000,0.000000,0.000000
114,0.480000,24900.000000,83596701-0075-1,2026-7-7,2505042088,04660426876236,Куртка NortFolk,626280Y20N 98/98 48,,,11535.000000,115.350000,13249.650000,0.000000,0.000000,0.000000,11535.000000,1,11952.000000,0.000000,12948.000000,0.000000,0.000000,0.000000,0.000000,0.000000,0.000000,0.000000,0,0.000000,0.000000,0.000000
115,0.480000,24900.000000,10026303-0208-1,2026-7-13,2505042088,04660426876236,Куртка NortFolk,626280Y20N 98/98 48,,,11943.000000,119.430000,12837.570000,0.000000,0.000000,0.000000,11943.000000,1,11952.000000,0.000000,12948.000000,11943.000000,119.430000,12837.570000,0.000000,0.000000,0.000000,11943.000000,1,11952.000000,0.000000,12948.000000
116,0.480000,24900.000000,31514171-0415-1,2026-7-7,2505042189,04660426876274,Куртка NortFolk,626280Y20N 98/98 56,,,10226.000000,102.260000,14571.740000,0.000000,0.000000,0.000000,10226.000000,1,11952.000000,0.000000,12948.000000,0.000000,0.000000,0.000000,0.000000,0.000000,0.000000,0.000000,0,0.000000,0.000000,0.000000
117,0.460000,18990.000000,66093743-0408-1,2026-6-18,2505042412,04660426876076,Куртка NortFolk,626280Y20N 98/21 48,,,0.000000,0.000000,0.000000,0.000000,0.000000,0.000000,0.000000,0,0.000000,0.000000,0.000000,8056.500000,80.570000,10852.930000,0.000000,0.000000,0.000000,8056.500000,1,8735.400000,0.000000,10254.600000
118,0.480000,24900.000000,10026303-0201-1,2026-7-4,2505042461,04660426876229,Куртка NortFolk,626280Y20N 98/98 46,,,11078.000000,110.780000,13711.220000,0.000000,0.000000,0.000000,11078.000000,1,11952.000000,0.000000,12948.000000,0.000000,0.000000,0.000000,0.000000,0.000000,0.000000,0.000000,0,0.000000,0.000000,0.000000
119,0.480000,24900.000000,0118024788-0853-1,2026-7-15,2505042658,04660426876069,Куртка NortFolk,626280Y20N 98/21 46,,,13294.000000,0.000000,11606.000000,0.000000,0.000000,0.000000,13294.000000,1,11952.000000,0.000000,12948.000000,0.000000,0.000000,0.000000,0.000000,0.000000,0.000000,0.000000,0,0.000000,0.000000,0.000000
120,0.480000,16900.000000,0133359321-0106-1,2026-7-7,2537952474,468863678,Куртка City Classic,737951N10CB 100 60,,,6837.000000,68.370000,9994.630000,0.000000,0.000000,0.000000,6837.000000,1,8112.000000,0.000000,8788.000000,0.000000,0.000000,0.000000,0.000000,0.000000,0.000000,0.000000,0,0.000000,0.000000,0.000000
121,0.480000,15900.000000,16454982-0284-1,2026-7-9,2537952892,46886365,Куртка City Classic,737951N10C 99 52,,,6675.000000,66.750000,9158.250000,0.000000,0.000000,0.000000,6675.000000,1,7632.000000,0.000000,8268.000000,0.000000,0.000000,0.000000,0.000000,0.000000,0.000000,0.000000,0,0.000000,0.000000,0.000000
122,0.480000,16900.000000,0133359321-0105-2,2026-7-1,2537952944,4688636715,Куртка City Classic,737951N10CB 100 62,,,6726.000000,67.260000,10106.740000,0.000000,0.000000,0.000000,6726.000000,1,8112.000000,0.000000,8788.000000,6726.000000,67.260000,10106.740000,0.000000,0.000000,0.000000,6726.000000,1,8112.000000,0.000000,8788.000000
123,0.480000,23500.000000,34449812-0226-1,2026-7-9,2763513567,04680806017172,Куртка NortFolk,249160Y21N 111/21 50,,,10411.000000,104.110000,12984.890000,0.000000,0.000000,0.000000,10411.000000,1,11280.000000,0.000000,12220.000000,10411.000000,104.110000,12984.890000,0.000000,0.000000,0.000000,10411.000000,1,11280.000000,0.000000,12220.000000
124,0.480000,23500.000000,0145007242-0900-1,2026-7-3,2763513567,04680806017172,Куртка NortFolk,249160Y21N 111/21 50,,,8990.000000,89.900000,14420.100000,0.000000,0.000000,0.000000,8990.000000,1,11280.000000,0.000000,12220.000000,0.000000,0.000000,0.000000,0.000000,0.000000,0.000000,0.000000,0,0.000000,0.000000,0.000000
125,0.480000,23500.000000,10026303-0209-1,2026-7-13,2763513630,04680806017240,Куртка NortFolk,249160Y21N FS/05 48,,,10529.500000,105.300000,12865.200000,0.000000,0.000000,0.000000,10529.500000,1,11280.000000,0.000000,12220.000000,0.000000,0.000000,0.000000,0.000000,0.000000,0.000000,0.000000,0,0.000000,0.000000,0.000000
126,0.480000,23500.000000,09260953-0120-1,2026-7-20,2763513649,04680806017073,Куртка NortFolk,249160Y21N 100/111 46,,,10077.000000,100.770000,13322.230000,0.000000,0.000000,0.000000,10077.000000,1,11280.000000,0.000000,12220.000000,0.000000,0.000000,0.000000,0.000000,0.000000,0.000000,0.000000,0,0.000000,0.000000,0.000000
127,0.480000,11920.000000,65039209-0208-1,2026-7-2,2989021713,04680806690672,Жилет утепленный City Classic Жилетки женские стеганные на синтепухе Весна 2026,031820N11CJ 36 52,,,5073.500000,0.000000,6846.500000,0.000000,0.000000,0.000000,5073.500000,1,5721.600000,0.000000,6198.400000,0.000000,0.000000,0.000000,0.000000,0.000000,0.000000,0.000000,0,0.000000,0.000000,0.000000
128,0.480000,15600.000000,30491462-0330-1,2026-7-22,3379829151,04660426041474,Куртка NortFolk,433430N11N 99 58,,,7624.000000,76.240000,7899.760000,0.000000,0.000000,0.000000,7624.000000,1,7488.000000,0.000000,8112.000000,0.000000,0.000000,0.000000,0.000000,0.000000,0.000000,0.000000,0,0.000000,0.000000,0.000000
129,0.480000,17230.000000,27889295-0234-2,2026-7-16,3379914498,04630581133741,Куртка City Classic,611430N10C 2061 50,,,9114.000000,0.000000,8116.000000,0.000000,0.000000,0.000000,9114.000000,1,8270.400000,0.000000,8959.600000,0.000000,0.000000,0.000000,0.000000,0.000000,0.000000,0.000000,0,0.000000,0.000000,0.000000
130,0.480000,17230.000000,0245328585-0104-1,2026-7-23,3379914588,04630581133512,Куртка City Classic,611430N10C FS 52,,,8386.500000,83.870000,8759.630000,0.000000,0.000000,0.000000,8386.500000,1,8270.400000,0.000000,8959.600000,0.000000,0.000000,0.000000,0.000000,0.000000,0.000000,0.000000,0,0.000000,0.000000,0.000000
131,0.480000,10855.000000,77688233-0137-1,2026-7-26,3379914588,04630581133512,Куртка City Classic,611430N10C FS 52,,,5048.000000,50.480000,5756.520000,0.000000,0.000000,0.000000,5048.000000,1,5210.400000,0.000000,5644.600000,0.000000,0.000000,0.000000,0.000000,0.000000,0.000000,0.000000,0,0.000000,0.000000,0.000000
132,0.480000,17230.000000,0181782978-0013-3,2026-7-25,3379914602,04630581133598,Куртка City Classic,611430N10C 3-1 52,,,7743.000000,77.430000,9409.570000,0.000000,0.000000,0.000000,7743.000000,1,8270.400000,0.000000,8959.600000,0.000000,0.000000,0.000000,0.000000,0.000000,0.000000,0.000000,0,0.000000,0.000000,0.000000
133,0.480000,17230.000000,62883490-1428-1,2026-7-11,3379914602,04630581133598,Куртка City Classic,611430N10C 3-1 52,,,6778.000000,67.780000,10384.220000,0.000000,0.000000,0.000000,6778.000000,1,8270.400000,0.000000,8959.600000,0.000000,0.000000,0.000000,0.000000,0.000000,0.000000,0.000000,0,0.000000,0.000000,0.000000
134,0.480000,17230.000000,37328324-0341-2,2026-7-23,3379914686,04630581133789,Куртка City Classic,611430N10C 2061 58,,,8386.500000,83.870000,8759.630000,0.000000,0.000000,0.000000,8386.500000,1,8270.400000,0.000000,8959.600000,0.000000,0.000000,0.000000,0.000000,0.000000,0.000000,0.000000,0,0.000000,0.000000,0.000000
135,0.480000,17230.000000,0236779676-0025-7,2026-7-12,3379914920,04630581133505,Куртка City Classic,611430N10C FS 50,,,7346.000000,73.460000,9810.540000,0.000000,0.000000,0.000000,7346.000000,1,8270.400000,0.000000,8959.600000,0.000000,0.000000,0.000000,0.000000,0.000000,0.000000,0.000000,0,0.000000,0.000000,0.000000
136,0.480000,15600.000000,0189614257-0582-1,2026-7-1,3380128516,04660426041702,Куртка NortFolk,433430N11N 127 56,,,6998.000000,69.980000,8532.020000,0.000000,0.000000,0.000000,6998.000000,1,7488.000000,0.000000,8112.000000,0.000000,0.000000,0.000000,0.000000,0.000000,0.000000,0.000000,0,0.000000,0.000000,0.000000
137,0.480000,17150.000000,0122113417-0365-1,2026-7-4,3380212944,04630581136018,Куртка NortFolk,218611N10N 99 58,,,7452.500000,74.530000,9622.970000,0.000000,0.000000,0.000000,7452.500000,1,8232.000000,0.000000,8918.000000,0.000000,0.000000,0.000000,0.000000,0.000000,0.000000,0.000000,0,0.000000,0.000000,0.000000
138,0.480000,11211.000000,0139205042-2041-1,2026-7-21,3380213277,04660426041764,Куртка NortFolk,433430N11N 36 52,,,5385.500000,53.860000,5771.640000,0.000000,0.000000,0.000000,5385.500000,1,5381.280000,0.000000,5829.720000,0.000000,0.000000,0.000000,0.000000,0.000000,0.000000,0.000000,0,0.000000,0.000000,0.000000
139,0.480000,16900.000000,06287076-1209-1,2026-7-7,3479743213,04660426118909,Куртка NortFolk,716970N10N 225 56,,,7560.500000,75.610000,9263.890000,0.000000,0.000000,0.000000,7560.500000,1,8112.000000,0.000000,8788.000000,0.000000,0.000000,0.000000,0.000000,0.000000,0.000000,0.000000,0,0.000000,0.000000,0.000000
140,0.480000,17150.000000,60866199-0285-1,2026-7-15,3479743308,04660426119081,Куртка NortFolk,716970N10NB 97 60,,,7714.000000,77.140000,9358.860000,0.000000,0.000000,0.000000,7714.000000,1,8232.000000,0.000000,8918.000000,0.000000,0.000000,0.000000,0.000000,0.000000,0.000000,0.000000,0,0.000000,0.000000,0.000000
141,0.480000,17150.000000,0137780028-0510-1,2026-7-2,3479743308,04660426119081,Куртка NortFolk,716970N10NB 97 60,,,7532.000000,75.320000,9542.680000,0.000000,0.000000,0.000000,7532.000000,1,8232.000000,0.000000,8918.000000,0.000000,0.000000,0.000000,0.000000,0.000000,0.000000,0.000000,0,0.000000,0.000000,0.000000
142,0.480000,16900.000000,0103892275-0072-1,2026-7-3,3479743422,04660426118961,Куртка NortFolk,716970N10N 97 52,,,6750.500000,67.510000,10081.990000,0.000000,0.000000,0.000000,6750.500000,1,8112.000000,0.000000,8788.000000,0.000000,0.000000,0.000000,0.000000,0.000000,0.000000,0.000000,0,0.000000,0.000000,0.000000
143,0.480000,16900.000000,82931032-0512-1,2026-7-21,3479743422,04660426118961,Куртка NortFolk,716970N10N 97 52,,,8169.000000,81.690000,8649.310000,0.000000,0.000000,0.000000,8169.000000,1,8112.000000,0.000000,8788.000000,0.000000,0.000000,0.000000,0.000000,0.000000,0.000000,0.000000,0,0.000000,0.000000,0.000000
144,0.480000,16900.000000,0218208913-0049-1,2026-7-14,3479743422,04660426118961,Куртка NortFolk,716970N10N 97 52,,,7532.000000,75.320000,9292.680000,0.000000,0.000000,0.000000,7532.000000,1,8112.000000,0.000000,8788.000000,0.000000,0.000000,0.000000,0.000000,0.000000,0.000000,0.000000,0,0.000000,0.000000,0.000000
145,0.460000,16900.000000,52218403-0367-1,2026-6-29,3479743447,04660426118985,Куртка NortFolk,716970N10N 97 56,,,6919.000000,69.190000,9911.810000,0.000000,0.000000,0.000000,6919.000000,1,7774.000000,0.000000,9126.000000,0.000000,0.000000,0.000000,0.000000,0.000000,0.000000,0.000000,0,0.000000,0.000000,0.000000
146,0.480000,18450.000000,40170926-0125-1,2026-7-3,3479743504,04660426042440,Куртка NortFolk,330591N14NB 90 62,,,8440.500000,84.410000,9925.090000,0.000000,0.000000,0.000000,8440.500000,1,8856.000000,0.000000,9594.000000,0.000000,0.000000,0.000000,0.000000,0.000000,0.000000,0.000000,0,0.000000,0.000000,0.000000
147,0.480000,17150.000000,0158223673-0150-1,2026-7-13,3479743563,04660426119050,Куртка NortFolk,716970N10NB 225 66,,,7489.000000,74.890000,9586.110000,0.000000,0.000000,0.000000,7489.000000,1,8232.000000,0.000000,8918.000000,0.000000,0.000000,0.000000,0.000000,0.000000,0.000000,0.000000,0,0.000000,0.000000,0.000000
148,0.480000,16900.000000,29766494-0315-1,2026-7-9,3479743564,04660426118978,Куртка NortFolk,716970N10N 97 54,,,7686.000000,76.860000,9137.140000,0.000000,0.000000,0.000000,7686.000000,1,8112.000000,0.000000,8788.000000,7686.000000,76.860000,9137.140000,0.000000,0.000000,0.000000,7686.000000,1,8112.000000,0.000000,8788.000000
149,0.480000,17150.000000,74224398-2330-1,2026-7-10,3479743568,04660426119036,Куртка NortFolk,716970N10NB 225 62,,,7638.500000,76.390000,9435.110000,0.000000,0.000000,0.000000,7638.500000,1,8232.000000,0.000000,8918.000000,0.000000,0.000000,0.000000,0.000000,0.000000,0.000000,0.000000,0,0.000000,0.000000,0.000000
150,0.480000,16900.000000,0223004965-0119-1,2026-7-14,3479743591,04660426118893,Куртка NortFolk,716970N10N 225 54,,,8217.000000,82.170000,8600.830000,0.000000,0.000000,0.000000,8217.000000,1,8112.000000,0.000000,8788.000000,0.000000,0.000000,0.000000,0.000000,0.000000,0.000000,0.000000,0,0.000000,0.000000,0.000000
151,0.480000,16900.000000,0176572427-0453-1,2026-7-14,3479743605,04660426118879,Куртка NortFolk,716970N10N 225 50,,,7756.000000,77.560000,9066.440000,0.000000,0.000000,0.000000,7756.000000,1,8112.000000,0.000000,8788.000000,0.000000,0.000000,0.000000,0.000000,0.000000,0.000000,0.000000,0,0.000000,0.000000,0.000000
152,0.480000,16900.000000,60445020-0199-1,2026-7-9,3479743605,04660426118879,Куртка NortFolk,716970N10N 225 50,,,7242.500000,72.430000,9585.070000,0.000000,0.000000,0.000000,7242.500000,1,8112.000000,0.000000,8788.000000,0.000000,0.000000,0.000000,0.000000,0.000000,0.000000,0.000000,0,0.000000,0.000000,0.000000
153,0.460000,16550.000000,68204008-1057-1,2026-6-14,3517979482,04630581141982,Куртка NortFolk,161610N10N 225 44,,,0.000000,0.000000,0.000000,0.000000,0.000000,0.000000,0.000000,0,0.000000,0.000000,0.000000,7204.500000,72.050000,9273.450000,0.000000,0.000000,0.000000,7204.500000,1,7613.000000,0.000000,8937.000000
154,0.480000,23000.000000,0109200765-0113-1,2026-7-9,3517979490,04630581141937,Куртка NortFolk,161610N10N 100 50,,,11032.000000,0.000000,11968.000000,0.000000,0.000000,0.000000,11032.000000,1,11040.000000,0.000000,11960.000000,0.000000,0.000000,0.000000,0.000000,0.000000,0.000000,0.000000,0,0.000000,0.000000,0.000000
155,0.480000,23000.000000,85047329-0237-1,2026-7-5,3517979763,04630581141944,Куртка NortFolk,161610N10N 100 52,,,9218.500000,92.190000,13689.310000,0.000000,0.000000,0.000000,9218.500000,1,11040.000000,0.000000,11960.000000,0.000000,0.000000,0.000000,0.000000,0.000000,0.000000,0.000000,0,0.000000,0.000000,0.000000
156,0.480000,23000.000000,0145658508-0075-1,2026-7-18,3517979784,04630581141999,Куртка NortFolk,161610N10N 225 46,,,12216.000000,0.000000,10784.000000,0.000000,0.000000,0.000000,12216.000000,1,11040.000000,0.000000,11960.000000,0.000000,0.000000,0.000000,0.000000,0.000000,0.000000,0.000000,0,0.000000,0.000000,0.000000
157,0.480000,23000.000000,0140874211-2178-1,2026-7-13,3517979959,04630581142071,Куртка NortFolk,161610N10N FS 52,,,8528.000000,85.280000,14386.720000,0.000000,0.000000,0.000000,8528.000000,1,11040.000000,0.000000,11960.000000,0.000000,0.000000,0.000000,0.000000,0.000000,0.000000,0.000000,0,0.000000,0.000000,0.000000
158,0.480000,23000.000000,46334434-1458-1,2026-7-6,3517980119,04630581142088,Куртка NortFolk,161610N10N FS 54,,,9800.500000,98.010000,13101.490000,0.000000,0.000000,0.000000,9800.500000,1,11040.000000,0.000000,11960.000000,0.000000,0.000000,0.000000,0.000000,0.000000,0.000000,0.000000,0,0.000000,0.000000,0.000000
159,0.480000,16300.000000,65024833-0300-1,2026-7-15,3532395148,04630581116867,Куртка NortFolk,061611N11N 99 52,,,7777.000000,77.770000,8445.230000,0.000000,0.000000,0.000000,7777.000000,1,7824.000000,0.000000,8476.000000,0.000000,0.000000,0.000000,0.000000,0.000000,0.000000,0.000000,0,0.000000,0.000000,0.000000
160,0.480000,16300.000000,0160716291-0154-1,2026-7-14,3532395148,04630581116867,Куртка NortFolk,061611N11N 99 52,,,7983.000000,79.830000,8237.170000,0.000000,0.000000,0.000000,7983.000000,1,7824.000000,0.000000,8476.000000,7983.000000,79.830000,8237.170000,0.000000,0.000000,0.000000,7983.000000,1,7824.000000,0.000000,8476.000000
161,0.480000,16300.000000,74443204-0174-1,2026-7-16,3532395148,04630581116867,Куртка NortFolk,061611N11N 99 52,,,7538.000000,75.380000,8686.620000,0.000000,0.000000,0.000000,7538.000000,1,7824.000000,0.000000,8476.000000,0.000000,0.000000,0.000000,0.000000,0.000000,0.000000,0.000000,0,0.000000,0.000000,0.000000
162,0.480000,16300.000000,0172803089-0987-1,2026-7-26,3532395148,04630581116867,Куртка NortFolk,061611N11N 99 52,,,7987.000000,79.870000,8233.130000,0.000000,0.000000,0.000000,7987.000000,1,7824.000000,0.000000,8476.000000,7987.000000,79.870000,8233.130000,0.000000,0.000000,0.000000,7987.000000,1,7824.000000,0.000000,8476.000000
163,0.460000,16300.000000,95409299-0376-1,2026-6-30,3532395255,04630581116966,Куртка NortFolk,061611N11N 73 54,,,7201.000000,72.010000,9026.990000,0.000000,0.000000,0.000000,7201.000000,1,7498.000000,0.000000,8802.000000,0.000000,0.000000,0.000000,0.000000,0.000000,0.000000,0.000000,0,0.000000,0.000000,0.000000
164,0.480000,15000.000000,30807167-1407-1,2026-7-28,3532395360,04660426038993,Куртка NortFolk,409430N10N 36 54,,,7542.000000,75.420000,7382.580000,0.000000,0.000000,0.000000,7542.000000,1,7200.000000,0.000000,7800.000000,0.000000,0.000000,0.000000,0.000000,0.000000,0.000000,0.000000,0,0.000000,0.000000,0.000000
165,0.480000,15000.000000,0150844381-0562-2,2026-7-4,3532395410,04660426038986,Куртка NortFolk,409430N10N 36 52,,,6468.000000,64.680000,8467.320000,0.000000,0.000000,0.000000,6468.000000,1,7200.000000,0.000000,7800.000000,0.000000,0.000000,0.000000,0.000000,0.000000,0.000000,0.000000,0,0.000000,0.000000,0.000000
166,0.460000,15000.000000,82866157-0715-1,2026-6-27,3532414120,04660426038771,Куртка NortFolk,409430N10N 22 58,,,6423.000000,64.230000,8512.770000,0.000000,0.000000,0.000000,6423.000000,1,6900.000000,0.000000,8100.000000,0.000000,0.000000,0.000000,0.000000,0.000000,0.000000,0.000000,0,0.000000,0.000000,0.000000
167,0.480000,17550.000000,52071119-0099-1,2026-7-2,3556534785,04630581174324,Куртка NortFolk,828610N10N 17 54,,,6940.500000,69.410000,10540.090000,0.000000,0.000000,0.000000,6940.500000,1,8424.000000,0.000000,9126.000000,0.000000,0.000000,0.000000,0.000000,0.000000,0.000000,0.000000,0,0.000000,0.000000,0.000000
168,0.480000,17550.000000,0118024788-0854-1,2026-7-15,3556534788,04630581174287,Куртка NortFolk,828610N10N 17 46,,,9203.000000,0.000000,8347.000000,0.000000,0.000000,0.000000,9203.000000,1,8424.000000,0.000000,9126.000000,0.000000,0.000000,0.000000,0.000000,0.000000,0.000000,0.000000,0,0.000000,0.000000,0.000000
169,0.460000,17550.000000,12771155-0374-1,2026-6-30,3556534825,04630581174232,Куртка NortFolk,828610N10N 25-1 52,,,7474.000000,0.000000,10076.000000,0.000000,0.000000,0.000000,7474.000000,1,8073.000000,0.000000,9477.000000,0.000000,0.000000,0.000000,0.000000,0.000000,0.000000,0.000000,0,0.000000,0.000000,0.000000
170,0.480000,17550.000000,17292786-0967-1,2026-7-15,3556534846,04630581174218,Куртка NortFolk,828610N10N 25-1 48,,,8536.000000,85.360000,8928.640000,0.000000,0.000000,0.000000,8536.000000,1,8424.000000,0.000000,9126.000000,8536.000000,85.360000,8928.640000,0.000000,0.000000,0.000000,8536.000000,1,8424.000000,0.000000,9126.000000
171,0.480000,17550.000000,73610538-0216-2,2026-7-7,3556534846,04630581174218,Куртка NortFolk,828610N10N 25-1 48,,,6948.500000,69.490000,10532.010000,0.000000,0.000000,0.000000,6948.500000,1,8424.000000,0.000000,9126.000000,6948.500000,69.490000,10532.010000,0.000000,0.000000,0.000000,6948.500000,1,8424.000000,0.000000,9126.000000
172,0.480000,17550.000000,64739824-1081-1,2026-7-6,3556535000,04630581174188,Куртка NortFolk,828610N10N 99 44,,,7514.000000,75.140000,9960.860000,0.000000,0.000000,0.000000,7514.000000,1,8424.000000,0.000000,9126.000000,0.000000,0.000000,0.000000,0.000000,0.000000,0.000000,0.000000,0,0.000000,0.000000,0.000000
173,0.480000,21990.000000,58729040-0827-1,2026-7-26,4479758588,04660426874973,Куртка NortFolk,433590Y21N 260/21 56,,,10806.000000,108.060000,11075.940000,0.000000,0.000000,0.000000,10806.000000,1,10555.200000,0.000000,11434.800000,0.000000,0.000000,0.000000,0.000000,0.000000,0.000000,0.000000,0,0.000000,0.000000,0.000000
174,0.460000,24000.000000,0139732623-0441-5,2026-6-30,4496004872,4664269964,Куртка NortFolk Парка зимняя 2026,211160Y21N 98 48,,,10739.000000,107.390000,13153.610000,0.000000,0.000000,0.000000,10739.000000,1,11040.000000,0.000000,12960.000000,0.000000,0.000000,0.000000,0.000000,0.000000,0.000000,0.000000,0,0.000000,0.000000,0.000000
175,0.480000,29900.000000,29972453-1067-3,2026-7-5,4803410734,2085302832885,Парка Shark Force,SU19757 100 46,,,15296.000000,0.000000,14604.000000,0.000000,0.000000,0.000000,15296.000000,1,14352.000000,0.000000,15548.000000,0.000000,0.000000,0.000000,0.000000,0.000000,0.000000,0.000000,0,0.000000,0.000000,0.000000
176,0.480000,29900.000000,29972453-1067-1,2026-7-5,4803411440,2085302832892,Парка Shark Force,SU19757 100 48,,,15296.000000,0.000000,14604.000000,0.000000,0.000000,0.000000,15296.000000,1,14352.000000,0.000000,15548.000000,15296.000000,0.000000,14604.000000,0.000000,0.000000,0.000000,15296.000000,1,14352.000000,0.000000,15548.000000
